start_time,end_time
2020-10-29 11:00:17.990,2020-10-29 11:00:26.990
2020-10-29 11:00:27.990,2020-10-29 11:00:36.990
2020-10-29 11:00:37.990,2020-10-29 11:00:46.990
2020-10-29 11:00:47.990,2020-10-29 11:00:56.990
2020-10-29 11:00:57.990,2020-10-29 11:01:06.990
2020-10-29 11:01:07.990,2020-10-29 11:01:16.990
2020-10-29 11:01:17.990,2020-10-29 11:01:26.990
2020-10-29 11:01:27.990,2020-10-29 11:01:36.990
2020-10-29 11:01:37.990,2020-10-29 11:01:46.990
2020-10-29 11:01:47.990,2020-10-29 11:01:56.990
2020-10-29 11:01:57.990,2020-10-29 11:02:06.990
2020-10-29 11:02:07.990,2020-10-29 11:02:16.990
2020-10-29 11:02:17.990,2020-10-29 11:02:26.990
2020-10-29 11:02:27.990,2020-10-29 11:02:36.990
2020-10-29 11:02:37.990,2020-10-29 11:02:46.990
2020-10-29 11:02:47.990,2020-10-29 11:02:56.990
2020-10-29 11:02:57.990,2020-10-29 11:03:06.990
2020-10-29 11:03:07.990,2020-10-29 11:03:16.990
2020-10-29 11:03:17.990,2020-10-29 11:03:26.990
2020-10-29 11:03:27.990,2020-10-29 11:03:36.990
2020-10-29 11:03:37.990,2020-10-29 11:03:46.990
2020-10-29 11:03:47.990,2020-10-29 11:03:56.990
2020-10-29 11:03:57.990,2020-10-29 11:04:06.990
2020-10-29 11:04:07.990,2020-10-29 11:04:16.990
2020-10-29 11:04:17.990,2020-10-29 11:04:26.990
2020-10-29 11:04:27.990,2020-10-29 11:04:36.990
2020-10-29 11:04:37.990,2020-10-29 11:04:46.990
2020-10-29 11:04:47.990,2020-10-29 11:04:56.990
2020-10-29 11:04:57.990,2020-10-29 11:05:06.990
2020-10-29 11:05:07.990,2020-10-29 11:05:16.990
